feature,importance
elevation,0.24253470985118114
surface_pressure,0.13675324452636056
temperature_2m_max,0.09960143406107788
NDVI,0.08885115856151617
temperature_2m,0.07836065471758356
dewpoint_temperature_2m,0.06928285473373302
slope,0.06463678179188358
NDMI,0.057397694776216916
u_component_of_wind_10m,0.02591704711356517
aspect_cos,0.023947755170982795
dewpoint_depression,0.023892711475782313
aspect_sin,0.022284922795493385
wind_speed,0.017775636840709517
v_component_of_wind_10m,0.017598703570939782
total_precipitation_sum,0.015716249885189337
volumetric_soil_water_layer_1,0.015448440127784928
